"region","years_covered","first_year","last_year","avg_yearly_return","avg_real_return","avg_inflation","min_return","max_return"
"Asia8",21,2005,2025,9.64356107733429,7.32470546708414,2.25122428374035,-53.4799891310137,88.097494413557
"Euro7",20,2005,2024,4.66283624886669,2.54438481955677,2.13764079712314,-42.481485028706,24.6303920268618
"All",21,2005,2025,4.05125931049113,1.91120766649052,2.17491984726,-45.167207906131,29.8025890399606
